symbol,isin,trade_date,exchange,segment,series,trade_type,auction,quantity,price,trade_id,order_id,order_execution_time,expiry_date
NIFTY2320917750PE,,2023-02-06,NSE,FO,,buy,false,50.000000,116.450000,89503228,1100000056024514,2023-02-06T11:18:29,2023-02-09
NIFTY2320917750PE,,2023-02-06,NSE,FO,,sell,false,50.000000,107.700000,89597018,1100000058151830,2023-02-06T11:25:11,2023-02-09
NIFTY2320917950PE,,2023-02-09,NSE,FO,,buy,false,50.000000,90.450000,92087430,1100000052641175,2023-02-09T11:10:39,2023-02-09
NIFTY2320917950PE,,2023-02-09,NSE,FO,,sell,false,50.000000,81.300000,92341792,1100000054080063,2023-02-09T11:23:47,2023-02-09
BANKNIFTY2320941600CE,,2023-02-09,NSE,FO,,buy,false,25.000000,1.350000,446453260,1500000169706653,2023-02-09T15:03:42,2023-02-09
BANKNIFTY2320941600CE,,2023-02-09,NSE,FO,,sell,false,25.000000,0.600000,447109762,1500000174309737,2023-02-09T15:14:40,2023-02-09
NIFTY2321617700CE,,2023-02-13,NSE,FO,,buy,false,50.000000,145.450000,2626342,1000000031635698,2023-02-13T11:05:08,2023-02-16
NIFTY2321617700CE,,2023-02-13,NSE,FO,,sell,false,50.000000,142.200000,2668083,1000000032342960,2023-02-13T11:10:02,2023-02-16
NIFTY2321617950PE,,2023-02-14,NSE,FO,,buy,false,50.000000,102.150000,89442758,1100000040946971,2023-02-14T12:30:12,2023-02-16
NIFTY2321617950PE,,2023-02-14,NSE,FO,,sell,false,50.000000,101.750000,89474935,1100000041462597,2023-02-14T12:33:41,2023-02-16
NIFTY2321618050CE,,2023-02-16,NSE,FO,,buy,false,50.000000,57.800000,7040132,1000000061594478,2023-02-16T12:10:05,2023-02-16
NIFTY2321618050CE,,2023-02-16,NSE,FO,,sell,false,50.000000,54.700000,7126055,1000000062052797,2023-02-16T12:14:58,2023-02-16
NIFTY2321618050CE,,2023-02-16,NSE,FO,,buy,false,50.000000,56.500000,7165063,1000000063039327,2023-02-16T12:17:04,2023-02-16
NIFTY2321618050CE,,2023-02-16,NSE,FO,,sell,false,50.000000,57.050000,7202473,1000000063431494,2023-02-16T12:19:22,2023-02-16
NIFTY23FEB17900CE,,2023-02-20,NSE,FO,,buy,false,50.000000,122.400000,2936845,1000000036077197,2023-02-20T11:04:44,2023-02-23
NIFTY23FEB17900CE,,2023-02-20,NSE,FO,,sell,false,50.000000,127.700000,2999326,1000000037292922,2023-02-20T11:13:56,2023-02-23
BANKNIFTY23FEB41000PE,,2023-02-20,NSE,FO,,buy,false,25.000000,310.350000,606643916,1700000084233315,2023-02-20T12:59:05,2023-02-23
BANKNIFTY23FEB41000PE,,2023-02-20,NSE,FO,,sell,false,25.000000,288.650000,606717499,1700000086027323,2023-02-20T13:05:40,2023-02-23
BANKNIFTY2341341300PE,,2023-04-11,NSE,FO,,buy,false,25.000000,212.550000,690347149,1800000034695761,2023-04-11T10:57:48,2023-04-13
BANKNIFTY2341341300PE,,2023-04-11,NSE,FO,,sell,false,25.000000,192.350000,690383617,1800000035306292,2023-04-11T11:00:10,2023-04-13
NIFTY2342017750PE,,2023-04-18,NSE,FO,,buy,false,50.000000,94.000000,89484122,1100000039410355,2023-04-18T10:56:01,2023-04-20
NIFTY2342017750PE,,2023-04-18,NSE,FO,,sell,false,50.000000,96.500000,89601569,1100000040998032,2023-04-18T11:03:32,2023-04-20
NIFTY2342017750PE,,2023-04-18,NSE,FO,,buy,false,50.000000,81.100000,90938280,1100000060160840,2023-04-18T12:56:49,2023-04-20
NIFTY2342017750PE,,2023-04-18,NSE,FO,,sell,false,50.000000,76.250000,90961623,1100000060354254,2023-04-18T12:57:50,2023-04-20
NIFTY23APR17550CE,,2023-04-21,NSE,FO,,buy,false,50.000000,134.100000,2515643,1000000031482196,2023-04-21T11:07:02,2023-04-27
NIFTY23APR17550CE,,2023-04-21,NSE,FO,,sell,false,50.000000,128.600000,2972984,1000000038933357,2023-04-21T12:01:24,2023-04-27
NIFTY23APR17600CE,,2023-04-24,NSE,FO,,buy,false,50.000000,99.000000,2154797,1000000024733595,2023-04-24T10:16:37,2023-04-27
NIFTY23APR17600CE,,2023-04-24,NSE,FO,,sell,false,50.000000,103.100000,2564251,1000000028534937,2023-04-24T10:49:19,2023-04-27
NIFTY23APR17700PE,,2023-04-24,NSE,FO,,buy,false,50.000000,72.000000,90698855,1100000057697523,2023-04-24T13:06:36,2023-04-27
NIFTY23APR17700PE,,2023-04-24,NSE,FO,,sell,false,50.000000,67.050000,90757285,1100000058265836,2023-04-24T13:10:12,2023-04-27
NIFTY23APR17750PE,,2023-04-24,NSE,FO,,buy,false,50.000000,88.900000,91132521,1100000062588024,2023-04-24T13:27:38,2023-04-27
NIFTY23APR17750PE,,2023-04-24,NSE,FO,,sell,false,50.000000,82.150000,91178681,1100000062876045,2023-04-24T13:30:20,2023-04-27
NIFTY23APR17750PE,,2023-04-24,NSE,FO,,buy,false,50.000000,74.400000,92274321,1100000077673314,2023-04-24T14:33:56,2023-04-27
NIFTY23APR17750PE,,2023-04-24,NSE,FO,,sell,false,50.000000,71.000000,92348254,1100000077925284,2023-04-24T14:38:30,2023-04-27
NIFTY23APR17750CE,,2023-04-25,NSE,FO,,buy,false,50.000000,81.250000,3229358,1000000035112262,2023-04-25T11:51:43,2023-04-27
NIFTY23APR17750CE,,2023-04-25,NSE,FO,,sell,false,50.000000,77.700000,3251425,1000000035234169,2023-04-25T11:53:32,2023-04-27
FINNIFTY23APR19000CE,,2023-04-25,NSE,FO,,buy,false,40.000000,26.650000,189579146,1200000165480138,2023-04-25T14:40:22,2023-04-25
FINNIFTY23APR19000CE,,2023-04-25,NSE,FO,,sell,false,40.000000,20.000000,190340798,1200000169853687,2023-04-25T14:48:25,2023-04-25
NIFTY23APR17800PE,,2023-04-26,NSE,FO,,buy,false,50.000000,54.000000,90305995,1100000038616485,2023-04-26T11:25:34,2023-04-27
NIFTY23APR17800PE,,2023-04-26,NSE,FO,,sell,false,50.000000,48.000000,90769466,1100000038821576,2023-04-26T11:56:56,2023-04-27
NIFTY23APR17850PE,,2023-04-26,NSE,FO,,buy,false,50.000000,84.000000,92931632,1100000064302723,2023-04-26T13:16:03,2023-04-27
NIFTY23APR17850PE,,2023-04-26,NSE,FO,,sell,false,50.000000,79.650000,93020621,1100000065595030,2023-04-26T13:20:15,2023-04-27
NIFTY23APR17850PE,,2023-04-26,NSE,FO,,buy,false,50.000000,83.600000,93045055,1100000065916804,2023-04-26T13:21:17,2023-04-27
NIFTY23APR17850PE,,2023-04-26,NSE,FO,,sell,false,50.000000,83.450000,93307797,1100000066332235,2023-04-26T13:27:19,2023-04-27
NIFTY23APR17900PE,,2023-04-27,NSE,FO,,buy,false,50.000000,82.950000,87501085,1100000011115126,2023-04-27T09:35:02,2023-04-27
NIFTY23APR17900PE,,2023-04-27,NSE,FO,,sell,false,50.000000,75.000000,87734741,1100000012791834,2023-04-27T09:38:05,2023-04-27
NIFTY23APR17900PE,,2023-04-27,NSE,FO,,buy,false,50.000000,55.200000,92487577,1100000055544836,2023-04-27T12:11:01,2023-04-27
NIFTY23APR17900PE,,2023-04-27,NSE,FO,,sell,false,50.000000,63.400000,92695131,1100000057263757,2023-04-27T12:18:16,2023-04-27
NIFTY23APR17950PE,,2023-04-27,NSE,FO,,buy,false,50.000000,71.350000,95928282,1100000080530196,2023-04-27T13:50:13,2023-04-27
NIFTY23APR17950PE,,2023-04-27,NSE,FO,,sell,false,50.000000,70.600000,95995774,1100000080723755,2023-04-27T13:51:43,2023-04-27
NIFTY23APR17950PE,,2023-04-27,NSE,FO,,buy,false,50.000000,71.800000,96071087,1100000081479392,2023-04-27T13:54:15,2023-04-27
NIFTY23APR17950PE,,2023-04-27,NSE,FO,,sell,false,50.000000,66.200000,96131485,1100000082018663,2023-04-27T13:55:51,2023-04-27
NIFTY2350418000PE,,2023-04-28,NSE,FO,,buy,false,50.000000,85.000000,88893952,1100000037062478,2023-04-28T12:00:02,2023-05-04
NIFTY2350418000PE,,2023-04-28,NSE,FO,,sell,false,50.000000,81.100000,88923892,1100000037144898,2023-04-28T12:03:19,2023-05-04
NIFTY2350418200PE,,2023-05-02,NSE,FO,,buy,false,50.000000,77.350000,87152041,1100000008908856,2023-05-02T09:36:55,2023-05-04
NIFTY2350418200PE,,2023-05-02,NSE,FO,,sell,false,50.000000,80.000000,87594446,1100000013021741,2023-05-02T09:57:45,2023-05-04
NIFTY2350418150PE,,2023-05-03,NSE,FO,,buy,false,50.000000,82.000000,88049087,1100000015530691,2023-05-03T10:05:45,2023-05-04
NIFTY2350418150PE,,2023-05-03,NSE,FO,,sell,false,50.000000,78.050000,88261604,1100000017916004,2023-05-03T10:20:08,2023-05-04
NIFTY2350418150PE,,2023-05-03,NSE,FO,,buy,false,50.000000,89.900000,90254302,1100000037025231,2023-05-03T12:10:58,2023-05-04
NIFTY2350418150PE,,2023-05-03,NSE,FO,,sell,false,50.000000,90.500000,90584647,1100000040533029,2023-05-03T12:32:07,2023-05-04
NIFTY2350418200PE,,2023-05-04,NSE,FO,,buy,false,50.000000,32.500000,96153880,1100000067053039,2023-05-04T13:24:09,2023-05-04
NIFTY2350418200PE,,2023-05-04,NSE,FO,,sell,false,50.000000,27.000000,96296549,1100000067358046,2023-05-04T13:28:00,2023-05-04
NIFTY2350418250PE,,2023-05-04,NSE,FO,,buy,false,50.000000,7.400000,101054632,1100000097512571,2023-05-04T15:04:01,2023-05-04
NIFTY2350418250PE,,2023-05-04,NSE,FO,,sell,false,50.000000,1.100000,101713862,1100000099892445,2023-05-04T15:14:15,2023-05-04
NIFTY2351118100CE,,2023-05-05,NSE,FO,,buy,false,50.000000,142.500000,1203282,1000000011607605,2023-05-05T09:47:38,2023-05-11
NIFTY2351118100CE,,2023-05-05,NSE,FO,,sell,false,50.000000,162.450000,2178583,1000000020735509,2023-05-05T10:34:48,2023-05-11
NIFTY2351118250PE,,2023-05-08,NSE,FO,,buy,false,50.000000,95.000000,87797783,1100000019263323,2023-05-08T10:12:23,2023-05-11
NIFTY2351118250PE,,2023-05-08,NSE,FO,,sell,false,50.000000,95.950000,87897446,1100000020550422,2023-05-08T10:16:41,2023-05-11
NIFTY2351118200CE,,2023-05-08,NSE,FO,,buy,false,50.000000,125.000000,5331438,1000000058861940,2023-05-08T12:43:46,2023-05-11
NIFTY2351118200CE,,2023-05-08,NSE,FO,,sell,false,50.000000,126.500000,5411159,1000000059177797,2023-05-08T12:46:57,2023-05-11
NIFTY2351118300PE,,2023-05-08,NSE,FO,,buy,false,50.000000,78.000000,90351168,1100000050719724,2023-05-08T12:53:05,2023-05-11
NIFTY2351118300PE,,2023-05-08,NSE,FO,,sell,false,50.000000,76.300000,90379595,1100000050902502,2023-05-08T12:56:41,2023-05-11
NIFTY2351118300CE,,2023-05-09,NSE,FO,,buy,false,50.000000,87.000000,1797303,1000000017821257,2023-05-09T10:03:10,2023-05-11
NIFTY2351118300CE,,2023-05-09,NSE,FO,,sell,false,50.000000,83.000000,2310464,1000000018101779,2023-05-09T10:31:08,2023-05-11
NIFTY2351118350PE,,2023-05-09,NSE,FO,,buy,false,50.000000,68.450000,88037488,1100000020438975,2023-05-09T10:34:08,2023-05-11
NIFTY2351118350PE,,2023-05-09,NSE,FO,,sell,false,50.000000,67.850000,88045434,1100000020786914,2023-05-09T10:34:53,2023-05-11
NIFTY2351118350PE,,2023-05-09,NSE,FO,,buy,false,50.000000,67.000000,88085850,1100000021219031,2023-05-09T10:38:06,2023-05-11
NIFTY2351118350PE,,2023-05-09,NSE,FO,,sell,false,50.000000,65.600000,88142565,1100000021689303,2023-05-09T10:42:37,2023-05-11
NIFTY2351118300CE,,2023-05-09,NSE,FO,,buy,false,50.000000,85.700000,3279705,1000000035558559,2023-05-09T11:44:36,2023-05-11
NIFTY2351118300CE,,2023-05-09,NSE,FO,,sell,false,50.000000,81.000000,3336644,1000000035809592,2023-05-09T11:50:02,2023-05-11
NIFTY2351118200CE,,2023-05-10,NSE,FO,,buy,false,50.000000,91.000000,2096376,1000000019885377,2023-05-10T09:51:04,2023-05-11
NIFTY2351118200CE,,2023-05-10,NSE,FO,,sell,false,50.000000,86.000000,2137770,1000000020548770,2023-05-10T09:52:16,2023-05-11
NIFTY2351118150CE,,2023-05-10,NSE,FO,,buy,false,50.000000,113.000000,2775070,1000000027693432,2023-05-10T10:10:44,2023-05-11
NIFTY2351118150CE,,2023-05-10,NSE,FO,,sell,false,50.000000,130.800000,3262547,1000000028026694,2023-05-10T10:28:29,2023-05-11
NIFTY2351118250PE,,2023-05-10,NSE,FO,,buy,false,50.000000,33.000000,92451902,1100000074649054,2023-05-10T13:05:00,2023-05-11
NIFTY2351118250PE,,2023-05-10,NSE,FO,,sell,false,50.000000,32.150000,92622984,1100000075901928,2023-05-10T13:15:55,2023-05-11
NIFTY2351118250CE,,2023-05-11,NSE,FO,,buy,false,50.000000,77.500000,3794250,1000000029531434,2023-05-11T10:04:36,2023-05-11
NIFTY2351118250CE,,2023-05-11,NSE,FO,,sell,false,50.000000,88.200000,4939616,1000000031307775,2023-05-11T10:30:15,2023-05-11
NIFTY2351118400PE,,2023-05-11,NSE,FO,,buy,false,50.000000,75.000000,92115097,1100000050749906,2023-05-11T11:07:16,2023-05-11
NIFTY2351118400PE,,2023-05-11,NSE,FO,,sell,false,50.000000,69.050000,92455238,1100000054525784,2023-05-11T11:22:17,2023-05-11
NIFTY2351818150CE,,2023-05-12,NSE,FO,,buy,false,50.000000,135.250000,1395057,1000000015740482,2023-05-12T09:49:43,2023-05-18
NIFTY2351818150CE,,2023-05-12,NSE,FO,,sell,false,50.000000,152.250000,1703368,1000000016066651,2023-05-12T10:01:59,2023-05-18
NIFTY2351818300PE,,2023-05-12,NSE,FO,,buy,false,50.000000,100.350000,88810764,1100000038660216,2023-05-12T11:12:11,2023-05-18
NIFTY2351818300PE,,2023-05-12,NSE,FO,,sell,false,50.000000,97.700000,88827304,1100000038975271,2023-05-12T11:13:10,2023-05-18
NIFTY2351818400PE,,2023-05-15,NSE,FO,,buy,false,50.000000,93.000000,87474520,1100000019369428,2023-05-15T09:58:31,2023-05-18
NIFTY2351818400PE,,2023-05-15,NSE,FO,,sell,false,50.000000,90.500000,87490906,1100000019510201,2023-05-15T10:00:00,2023-05-18
NIFTY2351818450PE,,2023-05-15,NSE,FO,,buy,false,50.000000,112.700000,88016948,1100000026952595,2023-05-15T10:35:53,2023-05-18
NIFTY2351818450PE,,2023-05-15,NSE,FO,,sell,false,50.000000,108.700000,88042293,1100000027057212,2023-05-15T10:37:55,2023-05-18
NIFTY2351818450PE,,2023-05-15,NSE,FO,,buy,false,50.000000,87.200000,89512457,1100000044111617,2023-05-15T12:36:32,2023-05-18
NIFTY2351818450PE,,2023-05-15,NSE,FO,,sell,false,50.000000,84.650000,89531793,1100000044531234,2023-05-15T12:39:36,2023-05-18
NIFTY2351818500PE,,2023-05-16,NSE,FO,,buy,false,50.000000,148.000000,89800325,1100000047120684,2023-05-16T12:03:46,2023-05-18
NIFTY2351818500PE,,2023-05-16,NSE,FO,,sell,false,50.000000,143.200000,89889212,1100000047236239,2023-05-16T12:11:58,2023-05-18
NIFTY2351818500PE,,2023-05-16,NSE,FO,,buy,false,50.000000,148.000000,89932551,1100000048873096,2023-05-16T12:15:08,2023-05-18
NIFTY2351818500PE,,2023-05-16,NSE,FO,,sell,false,50.000000,148.400000,89989643,1100000049113708,2023-05-16T12:20:54,2023-05-18
NIFTY2351818200CE,,2023-05-17,NSE,FO,,buy,false,50.000000,106.600000,1096273,1000000009196069,2023-05-17T09:28:45,2023-05-18
NIFTY2351818200CE,,2023-05-17,NSE,FO,,sell,false,50.000000,97.300000,1143858,1000000009737901,2023-05-17T09:29:26,2023-05-18
NIFTY2351818200CE,,2023-05-17,NSE,FO,,buy,false,50.000000,103.850000,1258411,1000000010958860,2023-05-17T09:31:08,2023-05-18
NIFTY2351818200CE,,2023-05-17,NSE,FO,,sell,false,50.000000,94.400000,1666664,1000000011309687,2023-05-17T09:41:05,2023-05-18
NIFTY2351818200CE,,2023-05-17,NSE,FO,,buy,false,50.000000,103.000000,1924531,1000000018488727,2023-05-17T09:48:26,2023-05-18
NIFTY2351818200CE,,2023-05-17,NSE,FO,,sell,false,50.000000,94.600000,2238533,1000000018744936,2023-05-17T09:56:55,2023-05-18
NIFTY2351818350PE,,2023-05-18,NSE,FO,,buy,false,50.000000,71.500000,87726510,1100000010411205,2023-05-18T09:30:57,2023-05-18
NIFTY2351818350PE,,2023-05-18,NSE,FO,,sell,false,50.000000,99.450000,88101125,1100000011028982,2023-05-18T09:35:53,2023-05-18
NIFTY2351818300PE,,2023-05-18,NSE,FO,,buy,false,50.000000,58.000000,93056372,1100000058802261,2023-05-18T11:25:08,2023-05-18
NIFTY2351818300PE,,2023-05-18,NSE,FO,,sell,false,50.000000,60.750000,93102931,1100000059103483,2023-05-18T11:27:58,2023-05-18
NIFTY23MAY18350CE,,2023-05-23,NSE,FO,,buy,false,50.000000,101.500000,3003759,1000000036891259,2023-05-23T11:08:32,2023-05-25
NIFTY23MAY18350CE,,2023-05-23,NSE,FO,,sell,false,50.000000,100.400000,3209847,1000000037032926,2023-05-23T11:25:32,2023-05-25
NIFTY23MAY18400PE,,2023-05-24,NSE,FO,,buy,false,50.000000,88.850000,87895467,1100000017200988,2023-05-24T09:42:38,2023-05-25
NIFTY23MAY18400PE,,2023-05-24,NSE,FO,,sell,false,50.000000,84.700000,87995985,1100000017399492,2023-05-24T09:45:34,2023-05-25
NIFTY23MAY18400PE,,2023-05-24,NSE,FO,,buy,false,50.000000,75.950000,88807506,1100000026845921,2023-05-24T10:11:26,2023-05-25
NIFTY23MAY18400PE,,2023-05-24,NSE,FO,,sell,false,50.000000,70.400000,88856595,1100000026967452,2023-05-24T10:13:55,2023-05-25
NIFTY23MAY18300CE,,2023-05-24,NSE,FO,,buy,false,50.000000,70.500000,6980921,1000000081138868,2023-05-24T12:54:27,2023-05-25
NIFTY23MAY18300CE,,2023-05-24,NSE,FO,,sell,false,50.000000,64.500000,7169335,1000000081436477,2023-05-24T13:04:10,2023-05-25
NIFTY23MAY18300PE,,2023-05-25,NSE,FO,,buy,false,50.000000,62.000000,94769748,1100000075969718,2023-05-25T12:15:04,2023-05-25
NIFTY23MAY18300PE,,2023-05-25,NSE,FO,,sell,false,50.000000,56.950000,94816646,1100000076122827,2023-05-25T12:16:30,2023-05-25
NIFTY23MAY18300PE,,2023-05-25,NSE,FO,,buy,false,50.000000,58.500000,95066318,1100000078404601,2023-05-25T12:23:04,2023-05-25
NIFTY23MAY18300PE,,2023-05-25,NSE,FO,,sell,false,50.000000,69.150000,95322975,1100000078632714,2023-05-25T12:31:31,2023-05-25
NIFTY2360118450PE,,2023-05-26,NSE,FO,,buy,false,50.000000,122.500000,87653236,1100000023016301,2023-05-26T10:14:58,2023-06-01
NIFTY2360118450PE,,2023-05-26,NSE,FO,,sell,false,50.000000,115.550000,87735444,1100000024038379,2023-05-26T10:25:01,2023-06-01
NIFTY2360118450PE,,2023-05-26,NSE,FO,,buy,false,50.000000,116.100000,88052377,1100000029775732,2023-05-26T10:42:23,2023-06-01
NIFTY2360118450PE,,2023-05-26,NSE,FO,,sell,false,50.000000,109.000000,88322224,1100000030266739,2023-05-26T11:05:04,2023-06-01
NIFTY2360118450PE,,2023-05-26,NSE,FO,,buy,false,50.000000,100.500000,88758197,1100000039076293,2023-05-26T11:29:00,2023-06-01
NIFTY2360118450PE,,2023-05-26,NSE,FO,,sell,false,50.000000,96.650000,88848843,1100000039227109,2023-05-26T11:37:44,2023-06-01
NIFTY2360118650PE,,2023-05-29,NSE,FO,,buy,false,50.000000,87.050000,89048594,1100000037128203,2023-05-29T10:45:00,2023-06-01
NIFTY2360118650PE,,2023-05-29,NSE,FO,,sell,false,50.000000,83.500000,89159496,1100000037223369,2023-05-29T10:55:19,2023-06-01
NIFTY2360118650PE,,2023-05-29,NSE,FO,,buy,false,50.000000,87.500000,89233037,1100000039745077,2023-05-29T10:58:45,2023-06-01
NIFTY2360118650PE,,2023-05-29,NSE,FO,,sell,false,50.000000,82.700000,89324244,1100000039988836,2023-05-29T11:06:15,2023-06-01
NIFTY2360118550CE,,2023-05-29,NSE,FO,,buy,false,50.000000,127.000000,4153904,1000000055619903,2023-05-29T12:16:36,2023-06-01
NIFTY2360118550CE,,2023-05-29,NSE,FO,,sell,false,50.000000,123.300000,4209156,1000000055674283,2023-05-29T12:22:10,2023-06-01
NIFTY2360118700PE,,2023-05-30,NSE,FO,,buy,false,50.000000,97.000000,87375611,1100000015056913,2023-05-30T09:49:59,2023-06-01
NIFTY2360118700PE,,2023-05-30,NSE,FO,,sell,false,50.000000,92.250000,87402248,1100000015176022,2023-05-30T09:51:20,2023-06-01
NIFTY2360118700PE,,2023-05-30,NSE,FO,,buy,false,50.000000,96.000000,87593134,1100000017566964,2023-05-30T09:59:02,2023-06-01
NIFTY2360118700PE,,2023-05-30,NSE,FO,,sell,false,50.000000,88.500000,87731314,1100000017884632,2023-05-30T10:10:12,2023-06-01
NIFTY2360118700PE,,2023-05-30,NSE,FO,,buy,false,50.000000,106.500000,91270759,1100000062911187,2023-05-30T13:27:20,2023-06-01
NIFTY2360118700PE,,2023-05-30,NSE,FO,,sell,false,50.000000,99.400000,91292298,1100000063071260,2023-05-30T13:27:50,2023-06-01
NIFTY2360118500CE,,2023-05-31,NSE,FO,,buy,false,50.000000,92.700000,1388620,1000000009551032,2023-05-31T09:34:30,2023-06-01
NIFTY2360118500CE,,2023-05-31,NSE,FO,,sell,false,50.000000,86.000000,2021536,1000000010187430,2023-05-31T09:55:25,2023-06-01
NIFTY2360118600PE,,2023-05-31,NSE,FO,,buy,false,50.000000,75.500000,90603503,1100000041852298,2023-05-31T11:15:49,2023-06-01
NIFTY2360118600PE,,2023-05-31,NSE,FO,,sell,false,50.000000,72.450000,90640745,1100000042173724,2023-05-31T11:20:17,2023-06-01
NIFTY2360118600PE,,2023-05-31,NSE,FO,,buy,false,50.000000,90.600000,94847259,1100000091740819,2023-05-31T14:03:17,2023-06-01
NIFTY2360118600PE,,2023-05-31,NSE,FO,,sell,false,50.000000,98.450000,95068548,1100000091968339,2023-05-31T14:12:28,2023-06-01
NIFTY2360118450CE,,2023-06-01,NSE,FO,,buy,false,50.000000,70.200000,14215296,1000000118191278,2023-06-01T14:40:02,2023-06-01
NIFTY2360118450CE,,2023-06-01,NSE,FO,,sell,false,50.000000,71.800000,14307350,1000000118716645,2023-06-01T14:42:08,2023-06-01
NIFTY2360818450CE,,2023-06-02,NSE,FO,,buy,false,50.000000,132.800000,2258109,1000000028861260,2023-06-02T10:19:43,2023-06-08
NIFTY2360818450CE,,2023-06-02,NSE,FO,,sell,false,50.000000,145.500000,2615722,1000000029321246,2023-06-02T10:38:43,2023-06-08
NIFTY2360818600PE,,2023-06-02,NSE,FO,,buy,false,50.000000,90.500000,90748040,1100000074251824,2023-06-02T13:27:02,2023-06-08
NIFTY2360818600PE,,2023-06-02,NSE,FO,,sell,false,50.000000,85.000000,90770005,1100000074412053,2023-06-02T13:29:35,2023-06-08
NIFTY2360818550CE,,2023-06-05,NSE,FO,,buy,false,50.000000,131.000000,3182143,1000000038160642,2023-06-05T12:03:03,2023-06-08
NIFTY2360818550CE,,2023-06-05,NSE,FO,,sell,false,50.000000,129.700000,3202706,1000000038305276,2023-06-05T12:06:58,2023-06-08
NIFTY2360818500CE,,2023-06-06,NSE,FO,,buy,false,50.000000,113.200000,2154801,1000000023609622,2023-06-06T10:35:21,2023-06-08
NIFTY2360818500CE,,2023-06-06,NSE,FO,,sell,false,50.000000,115.250000,2190490,1000000023885122,2023-06-06T10:39:16,2023-06-08
NIFTY2360818500CE,,2023-06-06,NSE,FO,,buy,false,50.000000,99.300000,3047029,1000000033501163,2023-06-06T11:31:04,2023-06-08
NIFTY2360818500CE,,2023-06-06,NSE,FO,,sell,false,50.000000,92.200000,3154591,1000000034077708,2023-06-06T11:41:19,2023-06-08
NIFTY2360818700PE,,2023-06-07,NSE,FO,,buy,false,50.000000,67.500000,87507035,1100000010610945,2023-06-07T09:39:43,2023-06-08
NIFTY2360818700PE,,2023-06-07,NSE,FO,,sell,false,50.000000,64.300000,87624275,1100000011058707,2023-06-07T09:44:24,2023-06-08
NIFTY2360818600CE,,2023-06-07,NSE,FO,,buy,false,50.000000,83.000000,1653758,1000000012526793,2023-06-07T09:45:28,2023-06-08
NIFTY2360818600CE,,2023-06-07,NSE,FO,,sell,false,50.000000,77.600000,2641313,1000000013705042,2023-06-07T10:46:05,2023-06-08
NIFTY2360818700PE,,2023-06-07,NSE,FO,,buy,false,50.000000,64.600000,89482965,1100000027319213,2023-06-07T11:23:37,2023-06-08
NIFTY2360818700PE,,2023-06-07,NSE,FO,,sell,false,50.000000,61.700000,89536855,1100000028336888,2023-06-07T11:31:58,2023-06-08
NIFTY2360818800PE,,2023-06-08,NSE,FO,,buy,false,50.000000,60.600000,88977616,1100000019050760,2023-06-08T10:07:04,2023-06-08
NIFTY2360818800PE,,2023-06-08,NSE,FO,,sell,false,50.000000,53.000000,89343324,1100000019692182,2023-06-08T10:16:36,2023-06-08
NIFTY2360818700CE,,2023-06-08,NSE,FO,,buy,false,50.000000,64.500000,6332710,1000000046677869,2023-06-08T11:39:07,2023-06-08
NIFTY2360818700CE,,2023-06-08,NSE,FO,,sell,false,50.000000,60.000000,6376130,1000000046844726,2023-06-08T11:41:10,2023-06-08
NIFTY2361518600CE,,2023-06-09,NSE,FO,,buy,false,50.000000,108.700000,2195359,1000000027560577,2023-06-09T10:33:06,2023-06-15
NIFTY2361518600CE,,2023-06-09,NSE,FO,,sell,false,50.000000,113.000000,2296487,1000000027657036,2023-06-09T10:41:43,2023-06-15
NIFTY2361518650CE,,2023-06-14,NSE,FO,,buy,false,50.000000,103.000000,1014662,1000000007102670,2023-06-14T09:31:01,2023-06-15
NIFTY2361518650CE,,2023-06-14,NSE,FO,,sell,false,50.000000,96.900000,1107501,1000000007604302,2023-06-14T09:33:50,2023-06-15
NIFTY2361518800PE,,2023-06-14,NSE,FO,,buy,false,50.000000,62.800000,91917512,1100000054781388,2023-06-14T14:09:20,2023-06-15
NIFTY2361518800PE,,2023-06-14,NSE,FO,,sell,false,50.000000,62.800000,92289427,1100000054879200,2023-06-14T14:30:55,2023-06-15
NIFTY2361518850PE,,2023-06-15,NSE,FO,,buy,false,50.000000,81.000000,89746169,1100000022075060,2023-06-15T10:11:01,2023-06-15
NIFTY2361518850PE,,2023-06-15,NSE,FO,,sell,false,50.000000,75.000000,90002682,1100000022149119,2023-06-15T10:18:24,2023-06-15
NIFTY2361518700CE,,2023-06-15,NSE,FO,,buy,false,50.000000,94.500000,5407977,1000000031766392,2023-06-15T10:48:42,2023-06-15
NIFTY2361518700CE,,2023-06-15,NSE,FO,,sell,false,50.000000,90.000000,5546141,1000000031918192,2023-06-15T10:54:15,2023-06-15
NIFTY2362218800PE,,2023-06-16,NSE,FO,,buy,false,50.000000,80.000000,87104617,1100000011255213,2023-06-16T09:51:58,2023-06-22
NIFTY2362218800PE,,2023-06-16,NSE,FO,,sell,false,50.000000,83.350000,87242420,1100000011592384,2023-06-16T09:59:59,2023-06-22
NIFTY2362218700CE,,2023-06-16,NSE,FO,,buy,false,50.000000,141.000000,2521988,1000000028954934,2023-06-16T11:11:04,2023-06-22
NIFTY2362218700CE,,2023-06-16,NSE,FO,,sell,false,50.000000,136.000000,2661494,1000000029058217,2023-06-16T11:21:23,2023-06-22
NIFTY2362218850PE,,2023-06-16,NSE,FO,,buy,false,50.000000,99.000000,88818618,1100000035065793,2023-06-16T12:04:32,2023-06-22
NIFTY2362218850PE,,2023-06-16,NSE,FO,,sell,false,50.000000,105.300000,89007926,1100000035193621,2023-06-16T12:25:49,2023-06-22
NIFTY2362218800CE,,2023-06-19,NSE,FO,,buy,false,50.000000,103.000000,1018015,1000000010276656,2023-06-19T09:36:42,2023-06-22
NIFTY2362218800CE,,2023-06-19,NSE,FO,,sell,false,50.000000,97.000000,1345166,1000000010586153,2023-06-19T09:51:37,2023-06-22
NIFTY2362218750CE,,2023-06-19,NSE,FO,,buy,false,50.000000,120.000000,2060214,1000000025717627,2023-06-19T10:31:43,2023-06-22
NIFTY2362218750CE,,2023-06-19,NSE,FO,,sell,false,50.000000,116.000000,2097647,1000000026338090,2023-06-19T10:33:27,2023-06-22
NIFTY2362218750CE,,2023-06-19,NSE,FO,,buy,false,50.000000,113.500000,2331064,1000000028355138,2023-06-19T10:47:45,2023-06-22
NIFTY2362218750CE,,2023-06-19,NSE,FO,,sell,false,50.000000,108.500000,2474971,1000000030086585,2023-06-19T10:59:18,2023-06-22
